{"trend_ema_5": 24038.19344015282, "trend_ema_20": 24040.207070070224, "trend_ema_50": 24049.277744723124, "trend_spot_vs_ema5": -1.7109320661917169e-06, "trend_spot_vs_ema20": -1.736237331150825e-05, "trend_spot_vs_ema50": -5.723826949072808e-05, "trend_ema5_slope": -1.4157053497202992e-05, "trend_ema20_slope": -7.036395360153961e-05, "trend_higher_high_20": 0.0, "trend_lower_low_20": 0.0, "trend_above_vwap": 0.0, "trend_vwap_distance": -0.00023456796526128917, "mom_rsi_14": 49.43627172563714, "mom_rsi_14_slope": 0.12414439004437128, "mom_roc_5": -2.1813206221010767e-05, "mom_roc_15": -6.64626994608448e-05, "mom_roc_60": -0.0002698293433184028, "mom_consecutive_up": 1.0, "vol_atr_14": 5.431376439536324, "vol_atr_14_pct": 0.00022558681034437597, "vol_realized_30": 0.08812950722158916, "vol_vix": 18.19, "vol_vix_change_1d": 0.015000000000000568, "time_minute_of_day": 731.0, "time_minutes_since_open": 176.0, "time_minutes_to_close": 199.0, "time_day_of_week": 3.0, "expiry_dte": 4.0, "expiry_is_dte0": 0.0, "expiry_is_dte_le2": 0.0, "opt_atm_iv": 0.1580031216896201, "opt_atm_pe_iv": 0.16187889978652054, "opt_iv_skew": 0.0, "opt_pcr_oi": 0.9232159967245168, "opt_total_oi_change_5m": 436085.0, "opt_max_pain_offset": -4.0, "opt_atm_ce_oi_change_5m": 88400.0, "opt_atm_pe_oi_change_5m": 80795.0, "regime_vix_low": 0.0, "regime_vix_mid": 1.0, "regime_vix_high": 0.0}