{"trend_1m": 0.0, "trend_5m": 0.0, "trend_1h": 0.0, "trend_1d": 0.0, "mom_rsi_14": 49.43627172563714, "vol_atr_pct": 0.00022558681034437597, "vol_india_vix": 18.19, "vwap_distance": -0.00023456796526128917, "opt_atm_iv": 0.1580031216896201, "opt_pcr_oi": 0.9232159967245168, "opt_atm_oi_change_5m": 88725.0, "time_minutes_since_open": 176.0, "expiry_dte": 4.0, "sr_dist_to_yday_high": 0.0024772305616461462, "sr_dist_to_yday_low": 0.005323863074199399}