{"trend_1m": 0.0, "trend_5m": 0.0, "trend_1h": 0.0, "trend_1d": 0.0, "mom_rsi_14": 48.46711718751436, "vol_atr_pct": 0.00023324610097721725, "vol_india_vix": 17.63, "vwap_distance": -0.0004709558943005168, "opt_atm_iv": 0.1577486096493056, "opt_pcr_oi": 0.8191039051894295, "opt_atm_oi_change_5m": 122622.5, "time_minutes_since_open": 151.0, "expiry_dte": 4.0, "sr_dist_to_yday_high": 0.010152053736938275, "sr_dist_to_yday_low": 0.0005141270455803202}